{
    "class_name": "ViewTrajectory",
    "interval": 29,
    "is_loop": false,
    "trajectory": [
        {
            "boundingbox_max": [
                5.684931755065918,
                2.5156698226928711,
                1.7101341485977173
            ],
            "boundingbox_min": [
                -2.9058012962341309,
                -1.660588264465332,
                -1.0352084636688232
            ],
            "field_of_view": 60.0,
            "front": [
                0.012183870318002476,
                0.97631597915286505,
                0.21600616230759859
            ],
            "lookat": [
                -0.58500907300344829,
                1.0094423521964206,
                1.229274125907603
            ],
            "up": [
                0.00097765794714572431,
                -0.21603372480769928,
                0.97638541259619893
            ],
            "zoom": 0.25999999999999995
        }
    ],
    "version_major": 1,
    "version_minor": 0
}
