{
    "class_name": "ViewTrajectory",
    "interval": 29,
    "is_loop": false,
    "trajectory": [
        {
            "boundingbox_max": [
                5.684931755065918,
                2.5156698226928711,
                1.7101341485977173
            ],
            "boundingbox_min": [
                -2.9058012962341309,
                -1.660588264465332,
                -1.0352084636688232
            ],
            "field_of_view": 60.0,
            "front": [
                0.0,
                0.0,
                1.0
            ],
            "lookat": [
                1.3895652294158936,
                0.42754077911376953,
                0.33746284246444702
            ],
            "up": [
                0.0,
                1.0,
                0.0
            ],
            "zoom": 0.37999999999999967
        }
    ],
    "version_major": 1,
    "version_minor": 0
}
