{
    "class_name": "ViewTrajectory",
    "interval": 29,
    "is_loop": false,
    "trajectory": [
        {
            "boundingbox_max": [
                55.686100006103516,
                0.10000000000000002,
                25.670623779296875
            ],
            "boundingbox_min": [
                -5.0597500801086426,
                -68.069099426269531,
                -1.5068199634552002
            ],
            "field_of_view": 60.0,
            "front": [
                0.070411819051786728,
                -0.021674613136178911,
                0.99728250104131255
            ],
            "lookat": [
                22.991823502388108,
                -30.589910558665604,
                12.475656149797858
            ],
            "up": [
                -0.75471631253603055,
                0.65257281688597524,
                0.067468557517707251
            ],
            "zoom": 0.35999999999999965
        }
    ],
    "version_major": 1,
    "version_minor": 0
}
